{"sizes": [6, 8, 10, 13, 15, 18, 20, 22, 25, 27, 30, 32, 34, 37, 39, 42, 44, 46, 49, 51, 54, 56, 59, 61, 63, 66, 68, 71, 73, 75, 78, 80, 83, 85, 87, 90, 92, 95, 97, 100], "times": [0.07711434364318848, 0.0778040091196696, 0.0782158374786377, 0.08093126614888509, 0.07950774828592937, 0.08520269393920898, 0.08944376309712727, 0.09400622049967448, 0.1241915225982666, 0.11992557843526204, 0.14574527740478516, 0.1635716756184896, 0.19350711504618326, 0.2489769458770752, 0.2943855921427409, 0.39314667383829754, 0.4735254446665446, 0.5260570844014486, 0.6802624066670736, 0.8752830028533936, 1.0501163800557454, 1.2493780453999836, 1.6042091051737468, 1.9450220266977947, 2.190765698750814, 2.906623363494873, 3.2323342164357505, 4.206363995869954, 4.62871527671814, 4.916118621826172, 6.140435695648193, 6.579756021499634, 8.121550798416138, 8.975745995839437, 9.991655111312866, 12.083743015925089, 12.847531159718832, 15.196813344955444, 17.22198422749837, 19.917941411336262]}